{"id":"1df20f74-1846-4ad7-b672-9a091fd6157b","alias":"CoordinatorWebPart","componentType":"WebPart","version":"0.0.1","manifestVersion":2,"requiresCustomScript":false,"supportedHosts":["SharePointWebPart"],"preconfiguredEntries":[{"groupId":"5c03119e-3074-46fd-976b-c60198311f70","group":{"default":"Other"},"title":{"default":"Coordinator"},"description":{"default":"Coordinatordesc"},"officeFabricIconFontName":"Page","properties":{"description":"Coordinator"}}],"loaderConfig":{"entryModuleId":"coordinator-web-part","internalModuleBaseUrls":["<!-- PATH TO CDN -->/"],"scriptResources":{"coordinator-web-part":{"type":"path","path":"coordinator-web-part_fd43d5704a5c227a0e4cf07b444e0977.js"},"CoordinatorWebPartStrings":{"defaultPath":"coordinator-coordinatorwebpartstrings_en-us_536e65149b0acf4d52c0043073b9fc59.js","type":"localizedPath","paths":{}},"@microsoft/sp-property-pane":{"type":"component","version":"1.11.0","id":"f9e737b7-f0df-4597-ba8c-3060f82380db"},"@microsoft/sp-loader":{"type":"component","version":"1.11.0","id":"1c6c9123-7aac-41f3-a376-3caea41ed83f"},"@microsoft/sp-core-library":{"type":"component","version":"1.11.0","id":"7263c7d0-1d6a-45ec-8d85-d4d1d234171b"},"@microsoft/sp-page-context":{"type":"component","version":"1.11.0","id":"1c4541f7-5c31-41aa-9fa8-fbc9dc14c0a8"},"@microsoft/sp-webpart-base":{"type":"component","version":"1.11.0","id":"974a7777-0990-4136-8fa6-95d80114c2e0"},"react":{"type":"component","version":"16.8.5","id":"0d910c1c-13b9-4e1c-9aa4-b008c5e42d7d"},"react-dom":{"type":"component","version":"16.8.5","id":"aa0a46ec-1505-43cd-a44a-93f3a5aa460a"},"@microsoft/sp-http":{"type":"component","version":"1.11.0","id":"c07208f0-ea3b-4c1a-9965-ac1b825211a6"}}}}