{"id":"68a66582-bdcf-4b2e-b14f-3153d6e07563","alias":"WorkflowHistoryWebPart","componentType":"WebPart","version":"0.0.1","manifestVersion":2,"requiresCustomScript":false,"supportedHosts":["SharePointWebPart"],"preconfiguredEntries":[{"groupId":"5c03119e-3074-46fd-976b-c60198311f70","group":{"default":"Other"},"title":{"default":"WorkflowHistory"},"description":{"default":"WorkflowHistorydesc"},"officeFabricIconFontName":"Page","properties":{"description":"WorkflowHistory"}}],"loaderConfig":{"entryModuleId":"workflow-history-web-part","internalModuleBaseUrls":["<!-- PATH TO CDN -->/"],"scriptResources":{"workflow-history-web-part":{"type":"path","path":"workflow-history-web-part_216cf27e48a6ab2dde111ca5a1c5de7c.js"},"WorkflowHistoryWebPartStrings":{"defaultPath":"coordinator-workflowhistorywebpartstrings_en-us_536e65149b0acf4d52c0043073b9fc59.js","type":"localizedPath","paths":{}},"@microsoft/sp-property-pane":{"type":"component","version":"1.11.0","id":"f9e737b7-f0df-4597-ba8c-3060f82380db"},"@microsoft/sp-core-library":{"type":"component","version":"1.11.0","id":"7263c7d0-1d6a-45ec-8d85-d4d1d234171b"},"@microsoft/sp-webpart-base":{"type":"component","version":"1.11.0","id":"974a7777-0990-4136-8fa6-95d80114c2e0"},"react":{"type":"component","version":"16.8.5","id":"0d910c1c-13b9-4e1c-9aa4-b008c5e42d7d"},"react-dom":{"type":"component","version":"16.8.5","id":"aa0a46ec-1505-43cd-a44a-93f3a5aa460a"}}}}